GoIndiaCab — Backend API Specification												
												
												
ID	Module	API Name	Method	Endpoint	Auth	Phase	Status	API Link	Request Sample	Success Response Sample	Error / Failure Cases	Business Rules & Notes
API-01	Auth & Session	Splash / Session Check	GET	/auth/session	Yes	P0	Frontend Implemented	SessionCheckScreen.kt	— (Authorization: Bearer <jwt>)	"{""isValid"":true,""user"":{""id"":""usr_12345"",""name"":""Dhruva"",""phone"":""+919876543210""},""newToken"":""jwt_refreshed_xxx""}"	"401: {""isValid"":false,""message"":""Session expired. Please login again.""}"	Called on app launch to validate stored token; returns refreshed token if close to expiry.
API-02	Auth & Session	Login (Phone) - Send OTP	POST	/auth/send-otp	No	P0	Frontend Implemented	LoginScreen.kt	"{""phone"":""9876543210"",""countryCode"":""+91""}"	"{""success"":true,""message"":""OTP sent successfully"",""otpLength"":6,""expiresInSeconds"":120,""requestId"":""req_abc123""}"	"429 RATE_LIMIT: ""Too many OTP requests. Try again after 60s."""	phone = exactly 10 digits; countryCode fixed to +91. Max 3 requests/phone/minute.
API-03	Auth & Session	OTP Verification	POST	/auth/verify-otp	No	P0	Frontend Implemented	OtpVerificationScreen.kt	"{""phone"":""9876543210"",""otp"":""482916"",""requestId"":""req_abc123""}"	"{""success"":true,""token"":""jwt_access_xxx"",""refreshToken"":""jwt_refresh_xxx"",""expiresInSeconds"":86400,""user"":{""id"":""usr_12345"",""name"":""Dhruva"",""phone"":""+919876543210"",""isNewUser"":false}}"	400 INVALID_OTP (remainingAttempts field) · 400 OTP_EXPIRED	OTP is 6-digit numeric. Access token expiry 24h, refresh token 30 days.
API-04	Auth & Session	Resend OTP	POST	/auth/resend-otp	No	P0	Frontend Implemented	OtpVerificationScreen.kt	"{""phone"":""9876543210"",""requestId"":""req_abc123""}"	"{""success"":true,""message"":""OTP resent successfully"",""expiresInSeconds"":120,""requestId"":""req_def456""}"	429 RATE_LIMIT	Returns a new requestId each time; old requestId becomes invalid.
API-05	Auth & Session	Login (Social - Google/Apple)	POST	/auth/social-login	No	P0	Frontend Implemented	LoginScreen.kt	"{""provider"":""GOOGLE"",""idToken"":""<google_or_apple_id_token>""}"	"{""success"":true,""token"":""JWT"",""refreshToken"":""JWT"",""user"":{""id"":""usr_..."",""name"":""..."",""isNewUser"":true},""hasPhoneOnFile"":false}"	400 INVALID_TOKEN if provider token fails verification	provider = GOOGLE or APPLE. If hasPhoneOnFile is false, app routes to Link Phone screen.
API-06	Auth & Session	Link Phone (Post-Social)	POST	/auth/link-phone	Yes	P0	Frontend Implemented	LoginScreen.kt	"{""phone"":""9876543210"",""otp"":""482916""}"	"{""success"":true,""message"":""Phone linked and verified""}"	400 INVALID_OTP · 400 PHONE_ALREADY_LINKED	For users who signed in via Google/Apple and need to add + verify a mobile number.
API-07	Auth & Session	Logout	POST	/auth/logout	Yes	P1	Frontend Implemented	SideDrawerMenu.kt	— (Authorization: Bearer <jwt>)	"{""success"":true,""message"":""Logged out successfully""}"	401 Unauthorized	Invalidates JWT and refresh tokens server-side.
API-08	Auth & Session	Refresh Access Token	POST	/auth/refresh-token	No	P0	Frontend Ready	HttpClientFactory	"{""refreshToken"":""jwt_refresh_xxx""}"	"{""success"":true,""token"":""jwt_new_access_xxx"",""expiresInSeconds"":86400}"	401 Refresh token invalid or expired	Silent background token rotation without forcing user re-login.
API-09	Auth & Session	Delete Account	DELETE	/users/account	Yes	P1	Frontend Ready	SettingsScreen.kt	"{""confirmation"":""DELETE_MY_ACCOUNT"",""reason"":""Optional reason""}"	"{""success"":true,""message"":""Account deleted permanently""}"	400 Invalid confirmation text	Mandatory for Google Play & Apple App Store review compliance.
API-10	Home Feed	Get Home Feed	GET	/home/feed	Yes	P0	Client Implemented (Ktor)	HomeApiClient.kt	—	"{""popularRoutes"":[...],""recentTrips"":[...],""promoBanner"":{...},""whyFeatures"":[...],""defaultPickup"":"""",""defaultDateTime"":""Today, 10:30 AM""}"	—	Single payload for the whole home screen. Implemented in HomeApiClient with fallback.
API-11	Home Feed	Search Cabs Quick Query	POST	/cabs/search	Yes	P1	Client Implemented (Ktor)	HomeApiClient.kt	"{""serviceType"":""outstation_one_way"",""pickupLocation"":""New Delhi Railway Station"",""dropLocation"":""Agra Cantt"",""pickupDateTime"":""2026-09-20T18:00:00+05:30"",""vehicleType"":""Sedan""}"	"{""success"":true,""searchId"":""srch_789abc"",""availableCount"":12}"	—	serviceType enum: outstation_one_way, outstation_round_trip, airport_transfers, hourly_rentals.
API-12	Home Feed	Book Again (Rebook Trip)	POST	/trips/{tripId}/rebook	Yes	P1	Client Implemented (Ktor)	HomeApiClient.kt	— (tripId in path)	"{""success"":true,""message"":""Booking initiated for trip: trip_ndls_igi"",""newBookingId"":""GIC-849202""}"	404 if tripId not found	Re-initiates a previous trip with identical route parameters.
API-13	Locations	Search Places (Autocomplete)	GET	/locations/search?query=&limit=	Yes	P0	Client Implemented (Ktor / Google Places)	LocationApiClient.kt	query (required, min 1 char) · limit (optional, default 10)	"{""results"":[{""id"":""loc_delhi_cp"",""title"":""Connaught Place"",""subtitle"":""Central Delhi, Delhi 110001"",""point"":{""latitude"":28.6329,""longitude"":77.2195},""category"":""LANDMARK"",""isFavorite"":false}]}"	—	Autocomplete for pickup/drop locations. Integrates Google Places API with Indian cities fallback.
API-14	Locations	Reverse Geocode Pin	GET	/locations/reverse-geocode?lat=&lng=	Yes	P0	Client Implemented (Ktor / Google Places)	LocationApiClient.kt	lat, lng (required, WGS 84)	"{""title"":""Current Location"",""fullAddress"":""Near Central City Point, Connaught Place"",""point"":{""latitude"":28.6329,""longitude"":77.2195},""city"":""Delhi NCR"",""postalCode"":""110001""}"	—	Used when user moves map pin or drops pin on Confirm Pickup Map screen.
API-15	Locations	Get Current GPS Location	GET	/locations/current	Yes	P2	Client Implemented (Ktor)	LocationApiClient.kt	— (client GPS coordinates)	"{""id"":""loc_current_gps"",""title"":""Current Location"",""subtitle"":""Detected via GPS"",""point"":{""latitude"":28.6329,""longitude"":77.2195},""category"":""LANDMARK""}"	—	Server-side reverse-resolution of GPS coords to landmark address.
API-16	Locations	Toggle Favourite Location	POST	/locations/{locationId}/favourite	Yes	P2	Frontend Ready	SavedPlacesViewModel.kt	— (locationId in path)	"{""locationId"":""loc_delhi_cp"",""isFavorite"":true}"	—	Toggles bookmark on/off; response returns new state.
API-17	Locations	Get Favourite Locations	GET	/locations/favourites	Yes	P2	Frontend Ready	SavedPlacesViewModel.kt	—	"{""favourites"":[""loc_delhi_cp"",""loc_igi_t3"",""loc_noida_62""]}"	—	Returns list of favourited location IDs for quick chips on pickup screen.
API-18	Outstation & Routing	Get Popular Outstation Routes	GET	/outstation/popular-routes?tripType=	Yes	P0	Client Implemented (Ktor)	OutstationApiClient.kt	tripType: ONE_WAY | ROUND_TRIP | AIRPORT | HOURLY	"{""routes"":[{""id"":""route_delhi_agra"",""fromCity"":""Delhi"",""toCity"":""Agra"",""distanceKm"":230,""priceInr"":2499}]}"	—	Shown on City Route Selection screen with base price estimates.
API-19	Outstation & Routing	Search Destinations	GET	/outstation/search-destinations?query=	Yes	P0	Client Implemented (Ktor / Google Places)	OutstationApiClient.kt	query (optional — empty returns recent searches)	"{""destinations"":[{""id"":""dest_agra"",""title"":""Agra"",""state"":""Uttar Pradesh"",""distanceKm"":230}]}"	—	Empty query returns recent searches; live query autocompletes tourist destinations.
API-20	Outstation & Routing	Calculate Multi-Stop Route	POST	/outstation/multi-stop-route	Yes	P0	Client Implemented (Ktor)	OutstationApiClient.kt	"{""stops"":[""Delhi"",""Khatu Shyam Temple"",""Salasar Balaji"",""Jaipur""]}"	"{""pickupPoint"":""Delhi"",""stops"":[{""id"":""stop_khatu"",""stopNumber"":1,""name"":""Khatu Shyam Temple"",""isDeletable"":true}],""dropoffPoint"":""Jaipur"",""totalDistanceKm"":580,""estDurationText"":""~10 Hours"",""totalEstimateInr"":12400}"	—	Calculates total driving distance, duration, toll count, and base fare for multi-stop itinerary.
API-21	Outstation & Routing	Get Available Time Slots	GET	/outstation/time-slots?date=	Yes	P1	Client Implemented (Ktor)	OutstationApiClient.kt	date (required YYYY-MM-DD)	"{""slots"":[""05:00 PM"",""05:30 PM"",""06:00 PM"",""06:30 PM""]}"	—	Enforces minimum 4-hour advance booking lead time.
API-22	Outstation & Routing	Add / Modify Intermediate Stop	POST	/trips/{tripId}/stops	Yes	P1	Frontend Implemented	AddStopScreen.kt	"{""stopAddress"":""Khatu Shyam Temple, Rajasthan"",""latitude"":27.3592,""longitude"":75.4057}"	"{""success"":true,""updatedStops"":[...],""recalculatedDistanceKm"":620,""fareDeltaInr"":1500,""newTotalFare"":13900}"	400 Invalid waypoint coordinates	Allows adding via-points during itinerary planning or active trip tracking.
API-23	Vehicles & Pricing	Get Vehicle Partner Options	GET	/vehicles/options?origin=&destination=	Yes	P0	Client Implemented (Ktor)	VehicleApiService.kt	origin, destination (required)	"{""vehicles"":[{""id"":""veh_swift_dzire"",""name"":""Swift Dzire"",""category"":""SEDAN"",""seatingCapacity"":4,""hasAc"":true,""rating"":4.5,""isRecommended"":true,""allInclusiveFare"":3450,""extraKmRate"":12,""freeKmLimit"":250,""nightCharges"":250,""features"":[""4 seats"",""AC""]}]}"	—	category enum: SEDAN, SUV, PREMIUM, GROUP_TRAVEL. Live quotes per category.
API-24	Vehicles & Pricing	Get Route Summary Header	GET	/vehicles/route-summary?origin=&destination=	Yes	P0	Client Implemented (Ktor)	VehicleApiService.kt	origin, destination (required)	"{""origin"":""Delhi"",""destination"":""Agra"",""distanceKm"":230,""tripType"":""One Way"",""departureTime"":""Today, 10:30 AM"",""basePrice"":3450}"	—	Header strip displayed above vehicle options list.
API-25	Booking, Cab Detail & Coupons	Get Cab Detail Specs	GET	/bookings/cab-detail?vehicleId=	Yes	P0	Client Implemented (Repository)	BookingRepository.kt	vehicleId (required)	"{""vehicle"":{...},""specs"":{...},""inclusions"":[...],""exclusions"":[...],""hourlyCharges"":[...],""cancellationPolicy"":""Free cancellation up to 6 hrs before departure."",""review"":{...},""fareBreakdown"":{""baseFare"":4500,""gstAndBookingFees"":700,""totalEstimatedFare"":5200,""advanceDepositPercent"":10,""advanceDepositAmount"":520,""remainingPayableAtPickup"":4680}}"	—	Vehicle specifications, luggage capacity, inclusions, exclusions, cancellation rules, fare breakdown.
API-26	Booking, Cab Detail & Coupons	Get Available Coupons	GET	/coupons/available	Yes	P1	Client Implemented (Repository)	BookingRepository.kt	—	"{""coupons"":[{""code"":""FIRST50"",""title"":""50% off on your first ride"",""subtitle"":""Max discount ₹200 · new users only"",""discountAmount"":200,""isApplied"":false}]}"	—	List of active promotional coupon codes.
API-27	Booking, Cab Detail & Coupons	Apply Coupon	POST	/coupons/apply	Yes	P1	Client Implemented (Repository)	BookingRepository.kt	"{""code"":""FIRST50"",""bookingId"":""GIC-849201""}"	"{""success"":true,""fareBreakdown"":{""baseFare"":4500,""discountAmount"":200,""couponCode"":""FIRST50"",""totalEstimatedFare"":5000,""advanceDepositAmount"":500,""remainingPayableAtPickup"":4500}}"	"400 INVALID_COUPON: ""Invalid or expired coupon code"""	Recalculates total fare, advance deposit (10%), and remaining pickup balance.
API-28	Booking, Cab Detail & Coupons	Remove Coupon	DELETE	/coupons/remove?bookingId=	Yes	P1	Client Implemented (Repository)	BookingRepository.kt	bookingId (required, query param)	"{""success"":true,""fareBreakdown"":{""baseFare"":4500,""discountAmount"":0,""couponCode"":null,""totalEstimatedFare"":5200}}"	—	Resets fare calculation to default state without coupon discount.
API-29	Booking, Cab Detail & Coupons	Create Booking Session	POST	/bookings/create	Yes	P0	Frontend Implemented	BookingSummaryScreen.kt	"{""vehicleId"":""veh_innova_crysta"",""origin"":""Delhi"",""destination"":""Agra"",""travelDate"":""2026-09-20"",""travelTime"":""10:30 AM"",""tripType"":""ONE_WAY"",""couponCode"":""FIRST50""}"	"{""success"":true,""bookingId"":""GIC-849201"",""status"":""PENDING_PAYMENT"",""advancePayable"":520,""totalFare"":5200}"	400 MISSING_REQUIRED_FIELDS	Creates preliminary booking record in database before initiating payment.
API-30	Payments	Create Payment Gateway Order	POST	/payments/create-order	Yes	P0	Frontend Ready	PaymentScreen.kt	"{""bookingId"":""GIC-849201"",""amount"":520,""currency"":""INR"",""paymentMethod"":""UPI""}"	"{""success"":true,""orderId"":""order_rc_92812"",""keyId"":""rzp_live_xxx"",""amount"":52000,""currency"":""INR""}"	400 Order creation failed	Creates Razorpay / Cashfree order and returns credentials for SDK checkout.
API-31	Payments	Process Advance Payment (Verify)	POST	/payments/process	Yes	P0	Client Implemented (Repository)	BookingRepository.kt	"{""bookingId"":""GIC-849201"",""amount"":520,""paymentMethodType"":""GOOGLE_PAY"",""gatewayPaymentId"":""pay_abc123"",""gatewaySignature"":""sig_xyz""}"	"{""success"":true,""confirmedBooking"":{""bookingId"":""GIC-849201"",""driverName"":null,""pickupLocation"":""..."",""totalAmount"":5000,""advancePaidAmount"":500,""remainingPayableAmount"":4500,""isConfirmed"":true}}"	400 BANK_TIMEOUT · INSUFFICIENT_FUNDS · DECLINED_BY_BANK · USER_CANCELLED	Verifies signature, records 10% advance deposit, sets booking status to CONFIRMED.
API-32	Payments	Get Payment Methods	GET	/payments/methods	Yes	P1	Client Implemented (Repository)	BookingRepository.kt	—	"{""methods"":[{""type"":""GOOGLE_PAY"",""name"":""Google Pay"",""isSelected"":true},{""type"":""PHONE_PE"",""name"":""PhonePe"",""isSelected"":false}]}"	—	Drives the payment methods picker (UPI, Cards, NetBanking, Wallet).
API-33	Payments	Get Confirmed Booking Details	GET	/bookings/{bookingId}/confirmed	Yes	P0	Client Implemented (Repository)	BookingRepository.kt	— (bookingId in path)	Same shape as confirmedBooking object in API-31	404 if booking not found	Retrieves confirmed booking details after successful payment.
API-34	Payments	Settle Remaining Balance	POST	/payments/remaining	Yes	P0	Frontend Implemented	PayRemainingPaymentScreen.kt	"{""bookingId"":""GIC-849201"",""amount"":4500,""paymentMethod"":""UPI""}"	"{""success"":true,""receiptId"":""RCPT-9921"",""isFullySettled"":true,""message"":""Trip fare settled successfully""}"	400 Payment failed	Completes final ride balance payment upon destination drop-off.
API-35	Payments	Download Tax Invoice PDF	GET	/bookings/{bookingId}/invoice/download	Yes	P1	Frontend Implemented	BookingIdConfirmationScreen.kt	— (bookingId in path)	"{""downloadUrl"":""https://cdn.goindiacab.com/invoices/GIC-849201.pdf"",""invoiceNumber"":""INV-2026-9482""}"	404 Invoice not ready	Generates official GST compliant invoice PDF for expense claims.
API-36	Driver Matching & Tracking	Search Driver Partner (Radar)	POST	/partners/search	Yes	P0	Client Implemented (Repository)	BookingRepository.kt	"{""bookingId"":""GIC-849201""}"	"{""success"":true,""driver"":{""id"":""drv_92145"",""name"":""Rajesh Kumar"",""rating"":4.9,""totalTrips"":2500,""phone"":""+91..."",""vehicleModel"":""Toyota Innova Crysta"",""vehicleNumber"":""DL 01 AB 1234"",""isVerified"":true,""startOtp"":""4829"",""etaMinutes"":4}}"	"404 NO_PARTNER: {""success"":false,""errorCode"":""NO_PARTNER"",""message"":""No Partner Available""}"	Driver matching dispatch. Client shows radar animation during countdown. If no partner, triggers refund.
API-37	Driver Matching & Tracking	Cancel Partner Search	POST	/partners/cancel-search	Yes	P1	Client Implemented (Repository)	BookingRepository.kt	"{""bookingId"":""GIC-849201""}"	"{""success"":true,""message"":""Partner search cancelled""}"	—	Used if user backs out while radar matching is active.
API-38	Driver Matching & Tracking	Get Live Trip Tracking GPS	GET	/trips/{tripId}/tracking	Yes	P0	Frontend Implemented	OngoingTripScreen.kt	— (tripId in path, long-poll or WebSocket)	"{""tripId"":""trip_1"",""driverLocation"":{""latitude"":28.6329,""longitude"":77.2195},""etaMinutes"":15,""tripStatus"":""IN_TRANSIT"",""startOtp"":""4829""}"	404 Trip not active	Real-time driver location stream, route polyline, live speed, and updated arrival ETA.
API-39	Driver Matching & Tracking	Masked VoIP / Proxy Call Driver	POST	/trips/{tripId}/call-driver	Yes	P1	Frontend Implemented	OngoingTripScreen.kt	— (tripId in path)	"{""success"":true,""virtualNumber"":""011-4091-8899"",""pin"":""4821""}"	400 Driver unavailable	Virtual number masking to protect passenger and driver private phone numbers.
API-40	Ticket & Refund	Get Booking Ticket	GET	/bookings/{bookingId}/ticket	Yes	P0	Client Implemented (Repository)	BookingRepository.kt	— (bookingId in path)	"{""bookingId"":""GIC-2026-09145"",""confirmationTime"":""Today, 06:45 PM"",""origin"":""..."",""destination"":""..."",""travelDate"":""20 Sep 2026"",""totalFare"":2499,""advancePaid"":250,""balanceRemaining"":2249,""driver"":{...},""paymentTxnId"":""TXN-..."",""isConfirmed"":true}"	404 if not found	Full booking confirmation ticket — driver details, route, vehicle, and payment summary.
API-41	Ticket & Refund	Get Refund Invoice	GET	/bookings/{bookingId}/refund	Yes	P1	Client Implemented (Repository)	BookingRepository.kt	— (bookingId in path)	"{""amountPaid"":1800,""refundAmount"":1800,""timelineText"":""Within 12 hours"",""refundingToMethod"":""Google Pay"",""statusText"":""Refund Initiated"",""progressPercent"":0.4,""failureReasonTitle"":""No Partner Available""}"	—	Shown when booking is cancelled or no driver partner was found.
API-42	Ticket & Refund	Cancel Booking & Calculate Fee	POST	/bookings/{bookingId}/cancel	Yes	P1	Frontend Implemented	TripDetailsScreen.kt	"{""bookingId"":""GIC-849201"",""reason"":""Change of plans""}"	"{""success"":true,""cancellationFee"":0,""refundAmount"":520,""refundTxnId"":""REF-98124"",""message"":""Booking cancelled. 100% refund initiated.""}"""	400 Already started or non-cancellable	Enforces free cancellation up to 6 hours before departure.
API-43	Payment Schedule (Multi-day)	Get Trip Payment Schedule	GET	/bookings/{bookingId}/payment-schedule	Yes	P0	Client Implemented (Repository / Engine)	DynamicPaymentScheduleEngine.kt	— (bookingId in path)	"{""routeSummary"":""Delhi → Jaipur Multi-Stop"",""durationAndDistance"":""3 Days · 580 km"",""totalAmount"":20000,""milestones"":[{""id"":""m1"",""title"":""Booking Advance (10%)"",""amount"":2000,""status"":""PAID""},{""id"":""m2"",""title"":""Trip Start (40%)"",""amount"":8000,""status"":""DUE""}]}"	—	Multi-day trips split payment: 10% advance → 40% at trip start → 50% at final drop.
API-44	Payment Schedule (Multi-day)	Mark Milestone Paid	POST	/bookings/{bookingId}/milestones/{milestoneId}/pay	Yes	P2	Client Implemented (Repository)	BookingRepository.kt	— (IDs in path)	Updated Trip Payment Schedule object with that milestone status set to PAID	—	Called after milestone payment OTP has been verified.
API-45	Payment Schedule (Multi-day)	Verify Milestone Payment OTP	POST	/payments/verify-otp	Yes	P2	Client Implemented (Repository)	BookingRepository.kt	"{""bookingId"":""GIC-849201"",""otp"":""7429""}"	"{""success"":true,""message"":""Payment OTP verified successfully""}"	"400 INVALID_OTP: ""Invalid OTP. Please check the code."""	4-digit OTP shared between driver and passenger to confirm milestone cash/UPI release.
API-46	Payment Schedule (Multi-day)	Resend Milestone Payment OTP	POST	/payments/resend-otp	Yes	P1	Client Implemented (Repository)	BookingRepository.kt	"{""bookingId"":""GIC-849201""}"	"{""success"":true,""message"":""OTP resent successfully""}"	—	Resends 4-digit milestone OTP via SMS.
API-47	User Profile	Get User Profile	GET	/users/profile	Yes	P1	Frontend Implemented	ProfileScreen.kt	—	"{""id"":""usr_12345"",""name"":""Dhruva"",""phone"":""+919876543210"",""email"":""dhruva@example.com"",""memberSince"":""Sept 2026"",""totalTrips"":12,""walletBalance"":500,""referralCode"":""DHRUVA500""}"	—	Powers profile card, drawer header, wallet summary, and referral display.
API-48	User Profile	Update User Profile Info	PUT	/users/profile	Yes	P2	Frontend Implemented	EditProfileScreen.kt	"{""name"":""Dhruva Kumar"",""email"":""dhruva.kumar@example.com""}"	"{""success"":true,""message"":""Profile updated successfully""}"	400 if email format invalid	Partial update of user profile personal details.
API-49	User Profile	Upload Profile Avatar	POST	/users/profile/avatar	Yes	P2	Frontend Ready	EditProfileScreen.kt	multipart/form-data (image file)	"{""success"":true,""avatarUrl"":""https://cdn.goindiacab.com/avatars/usr_12345.jpg""}"	400 Invalid image format or size > 5MB	Uploads user profile picture to S3 / Cloud Storage CDN.
API-50	User Addresses	Get Saved Addresses	GET	/users/addresses	Yes	P1	Frontend Implemented	SavedPlacesScreen.kt	—	"{""addresses"":[{""id"":""addr_1"",""title"":""Home"",""address"":""H.No 452, Sector 15-A, Rohini, New Delhi"",""tag"":""Home""},{""id"":""addr_2"",""title"":""Work"",""address"":""Lumen Tech Park, Sector 62, Noida"",""tag"":""Work""}]}"	401 Unauthorized	Returns user bookmarked destinations. Powers Saved Places Screen.
API-51	User Addresses	Add New Saved Address	POST	/users/addresses	Yes	P1	Frontend Implemented	AddNewAddressScreen.kt	"{""title"":""Home"",""address"":""H.No 452, Sector 15-A, Rohini, New Delhi"",""tag"":""Home"",""landmark"":""Near Mother Dairy"",""latitude"":28.7155,""longitude"":77.1234}"	"{""success"":true,""id"":""addr_new123"",""message"":""Address saved successfully""}"	400 MISSING_FIELDS	Powers Add New Address Screen and Confirm Address on Map.
API-52	User Addresses	Update Saved Address	PUT	/users/addresses/{addressId}	Yes	P1	Frontend Implemented	SavedPlacesScreen.kt	"{""title"":""New Work"",""address"":""Tower B, Candor TechSpace, Sector 62, Noida"",""tag"":""Work""}"	"{""success"":true,""message"":""Address updated successfully""}"	404 Address not found	Updates existing address entry in Saved Places Screen.
API-53	User Addresses	Delete Saved Address	DELETE	/users/addresses/{addressId}	Yes	P1	Frontend Implemented	SavedPlacesScreen.kt	— (addressId in path)	"{""success"":true,""message"":""Address removed successfully""}"	404 Address not found	Deletes bookmark from Saved Places Screen.
API-54	Trips Management	Get User Trips History	GET	/trips?status=	Yes	P1	Frontend Implemented	MyTripsScreen.kt	status (optional: UPCOMING | COMPLETED | CANCELLED)	"{""trips"":[{""id"":""trip_1"",""origin"":""Delhi"",""destination"":""Agra"",""date"":""20 Sep 2026"",""fare"":2499,""status"":""UPCOMING"",""vehicleType"":""Sedan""}]}"	401 Unauthorized	Powers tabs in MyTripsScreen.kt (Upcoming, Completed, Cancelled).
API-55	Trips Management	Get Full Trip Details Receipt	GET	/trips/{tripId}	Yes	P1	Frontend Implemented	TripDetailsScreen.kt	— (tripId in path)	"{""id"":""trip_1"",""pickup"":""Delhi NCR"",""drop"":""Agra"",""driver"":{""name"":""Rajesh Kumar"",""rating"":4.9,""phone"":""+91...""},""fare"":{""base"":2000,""tax"":499,""total"":2499},""status"":""COMPLETED""}"	404 Trip not found	Full trip receipt, itinerary breakdown, driver info, and ticket support CTA.
API-56	Customer Support	Raise Support Ticket	POST	/support/tickets	Yes	P1	Frontend Implemented	HelpRaiseTicketScreen.kt	"{""category"":""TRIP_ISSUE"",""tripId"":""trip_1"",""subject"":""Driver delayed"",""description"":""Driver arrived 30 mins late"",""attachments"":[]}"	"{""success"":true,""ticketId"":""TCK-9402"",""message"":""Support ticket created. Our team will contact you within 2 hours.""}"	400 Missing required fields	Enables raising complaints for Lost Items, Fare Disputes, or Safety in HelpRaiseTicketScreen.kt.
API-57	Customer Support	Get Support Tickets History	GET	/support/tickets	Yes	P1	Frontend Implemented	HelpTicketHistoryScreen.kt	—	"{""tickets"":[{""ticketId"":""TCK-9402"",""category"":""Trip Issues"",""status"":""IN_REVIEW"",""createdDate"":""Today, 02:30 PM"",""subject"":""Driver delayed""}]}"	401 Unauthorized	Displays open and resolved support tickets in HelpTicketHistoryScreen.kt.
API-58	Customer Support	Report Lost Item / Trip Issue	POST	/trips/{tripId}/issues	Yes	P1	Frontend Implemented	HelpTripIssuesScreen.kt	"{""itemDescription"":""Black Laptop Bag"",""lastSeenLocation"":""Rear seat"",""tripId"":""trip_ndls_igi""}"	"{""success"":true,""caseId"":""LOST-8821"",""message"":""Lost item report filed. Driver team alerted.""}"	404 Trip not found	Reports lost baggage or property left behind in cab.
API-59	Customer Support	Dispute Payment / Toll Charge	POST	/payments/{txnId}/dispute	Yes	P1	Frontend Implemented	HelpPaymentsScreen.kt	"{""txnId"":""TXN-98421"",""reason"":""Incorrect toll charged"",""expectedAmount"":2000,""chargedAmount"":2400}"	"{""success"":true,""disputeId"":""DSP-1092"",""status"":""UNDER_REVIEW""}"	400 Transaction already refunded or invalid	Dispute overcharges or bank failure debit issues.
API-60	Safety & Emergency	Trigger SOS Emergency Alert	POST	/safety/sos	Yes	P0	Frontend Implemented	HelpSafetyScreen.kt	"{""tripId"":""trip_1"",""currentLocation"":{""latitude"":28.6329,""longitude"":77.2195},""reason"":""EMERGENCY""}"	"{""success"":true,""alertId"":""SOS-8812"",""message"":""Emergency protocol initiated. Police & GoIndiaCab 24/7 safety desk notified.""}"	—	High-priority emergency endpoint triggered from OngoingTripScreen SOS button and HelpSafetyScreen.kt.
API-61	Safety & Emergency	Get / Add Emergency SOS Contacts	POST	/users/emergency-contacts	Yes	P1	Frontend Ready	HelpSafetyScreen.kt	"{""contacts"":[{""name"":""Parent"",""phone"":""+919811122233""}]}"	"{""success"":true,""contacts"":[...]}"	400 Max 3 emergency contacts allowed	Stores emergency contacts who receive automatic SMS tracking links on SOS trigger.
API-62	Reviews & Feedback	Submit Trip / Driver Review	POST	/trips/{tripId}/review	Yes	P2	Frontend Implemented	RateUsScreen.kt	"{""rating"":5,""feedbackText"":""Excellent driver and very clean cab!"",""tags"":[""Punctual"",""Clean Cab""]}"	"{""success"":true,""message"":""Review submitted successfully""}"	400 Already reviewed	Submitted from RateUsScreen.kt dialog and MyReviewsScreen.kt.
API-63	Reviews & Feedback	Get User Past Reviews	GET	/reviews/user	Yes	P2	Frontend Implemented	MyReviewsScreen.kt	—	"{""reviews"":[{""tripId"":""trip_1"",""driverName"":""Rajesh Kumar"",""rating"":5,""date"":""12 Sep 2026"",""feedbackText"":""Great service!""}]}"	401 Unauthorized	Lists user historical driver reviews in MyReviewsScreen.kt.
API-64	Notifications	Get Notification Alerts Feed	GET	/notifications	Yes	P2	Frontend Implemented	NotificationsScreen.kt	—	"{""notifications"":[{""id"":""notif_1"",""title"":""Trip Confirmed"",""message"":""Your cab to Agra has been booked."",""timestamp"":""10 mins ago"",""type"":""RIDE"",""isRead"":false}]}"	401 Unauthorized	Powers notification center feed (Rides, Offers, Updates) in NotificationsScreen.kt.
API-65	Notifications	Mark Notifications as Read	POST	/notifications/read	Yes	P2	Frontend Implemented	NotificationsScreen.kt	"{""notificationIds"":[""notif_1""],""markAll"":true}"	"{""success"":true,""unreadCount"":0}"	—	Clears unread badge counter in notification screen.
API-66	Notifications	Register Device Push Token (FCM)	POST	/users/device-token	Yes	P0	Frontend Ready	AppContainer	"{""fcmToken"":""fcm_token_string_xxx"",""platform"":""ANDROID"",""osVersion"":""14.0""}"	"{""success"":true,""message"":""Device token registered""}"	—	Required for sending push notifications for ride updates, driver arrival, and milestone alerts.
API-67	Refer & Earn	Get Referral Stats & Code	GET	/referrals/info	Yes	P2	Frontend Implemented	ReferEarnScreen.kt	—	"{""referralCode"":""DHRUVA500"",""rewardAmountInr"":500,""totalEarned"":1500,""successfulReferrals"":3,""shareUrl"":""https://goindiacab.com/refer/DHRUVA500""}"	401 Unauthorized	Powers referral card, reward tracking, and WhatsApp/SMS share triggers in ReferEarnScreen.kt.
API-68	Refer & Earn	Redeem Referral Earnings to Wallet	POST	/referrals/redeem	Yes	P2	Frontend Ready	ReferEarnScreen.kt	"{""amount"":1500}"	"{""success"":true,""walletBalance"":2000,""message"":""₹1,500 credited to your GoIndiaCab wallet""}"	400 Minimum redemption balance is ₹500	Transfers referral rewards into GoIndiaCab wallet for ride discounts.
API-69	Wallet & Credits	Get Wallet Balance & Transactions	GET	/wallet/balance	Yes	P1	Frontend Ready	ProfileScreen.kt	—	"{""balance"":500,""currency"":""INR"",""transactions"":[{""id"":""txn_1"",""type"":""CREDIT"",""amount"":500,""title"":""Referral Bonus"",""date"":""10 Sep 2026""}]}"	401 Unauthorized	Displays user wallet balance on Profile Screen and Payment checkout.
API-70	Wallet & Credits	Add Money to Wallet (Top-up)	POST	/wallet/topup	Yes	P1	Frontend Ready	PaymentScreen.kt	"{""amount"":1000,""gateway"":""UPI""}"	"{""success"":true,""gatewayOrderId"":""order_wallet_123"",""keyId"":""rzp_live_xxx""}"	400 Top-up failed	Adds funds to passenger GoIndiaCab wallet balance.
API-71	App Config	Get App Remote Config & Version Check	GET	/app/config	No	P0	Frontend Ready	AboutScreen.kt	—	"{""minSupportedVersion"":""1.0.0"",""latestVersion"":""2.4.1"",""forceUpdate"":false,""playStoreUrl"":""https://play.google.com/..."",""supportHelpline"":""1800-123-4567"",""supportEmail"":""support@goindiacab.com"",""maintenanceMode"":false}"	—	Remote configuration, maintenance kill-switch, force update version checks.
